metricKey,jurisdiction,timePeriod,lowerBound,upperBound,observedValue,rawObservedValue,numeratorSpec,denominatorSpec,confidenceLevel,validationUse,coverageScope,comparabilityClass,sourceName,sourceUrl,rawSection,reportName,notes
scotus_totalFilings,United States,2024 Term,3856,3856,3856,3856,cases filed in the Supreme Court,all Supreme Court filings in the 2024 Term,High,strict_validation,apex court docket,official annual statistic; cross-system limited,2025 Year-End Report,SCOTUS 2025 Year-End Report (turn29view0),Supreme Court Simulator - Institutional Design and Empirical Anchors,Supreme Court Simulator - Institutional Design and Empirical Anchors,Term measure; not identical to petitions-only counts in other systems.
scotus_arguedCases,United States,2024 Term,73,73,73,73,cases argued,all Supreme Court filings in the 2024 Term,High,loose_calibration,apex merits docket,official annual statistic; cross-system limited,2025 Year-End Report,SCOTUS 2025 Year-End Report (turn29view0),Supreme Court Simulator - Institutional Design and Empirical Anchors,Supreme Court Simulator - Institutional Design and Empirical Anchors,"Good anchor for size of merits docket, not direct grant rate."
scotus_docketedCases,United States,2023 Term,4223,4223,4223,4223,total cases docketed during term,all Supreme Court matters docketed in the 2023 Term,High,strict_validation,apex court docket,official journal statistic; cross-system limited,"Journal statistics as of July 2, 2024",SCOTUS Journal Jnl23 (turn29view1),Supreme Court Simulator - Institutional Design and Empirical Anchors,Supreme Court Simulator - Institutional Design and Empirical Anchors,"Includes paid, in forma pauperis, and original matters."
scotus_plenaryReviewGrants,United States,2023 Term,69,69,69,69,total cases granted plenary review,all matters docketed in the 2023 Term,High,loose_calibration,apex merits-entry gate,official journal statistic; cross-system limited,"Journal statistics as of July 2, 2024",SCOTUS Journal Jnl23 (turn29view1),Supreme Court Simulator - Institutional Design and Empirical Anchors,Supreme Court Simulator - Institutional Design and Empirical Anchors,"Includes 66 paid cert grants, 3 IFP cert grants, 0 appeals granted; denominator is all docketed matters, so use cautiously as a “grant share.”"
france_qpc_referralsTotal,France,2010-03-01 to 2024-12-31,1128,1128,1128,1128,QPC referrals sent to the Constitutional Council,all QPC referrals in period,High,strict_validation,national constitutional review channel,official cumulative statistic; within-jurisdiction strong,QPC statistical bulletin,QPC statistical bulletin (turn22view1),Supreme Court Simulator - Institutional Design and Empirical Anchors,Supreme Court Simulator - Institutional Design and Empirical Anchors,"Measures filtered constitutional referrals only, not all constitutional claims raised in ordinary courts."
france_qpc_referralsFromConseilEtat,France,2010-03-01 to 2024-12-31,501,501,501,501,referrals originating in Conseil d’État,all QPC referrals in period (1128),High,strict_validation,referral-gatekeeper composition,official cumulative statistic; within-jurisdiction strong,QPC statistical bulletin,QPC statistical bulletin (turn22view1),Supreme Court Simulator - Institutional Design and Empirical Anchors,Supreme Court Simulator - Institutional Design and Empirical Anchors,Complementary Cour de cassation referrals are 627; good for modeling dual-gatekeeper routing.
france_qpc_decisionsTotal,France,2010-03-01 to 2024-12-31,1011,1011,1011,1011,QPC decisions rendered by Constitutional Council,all QPC decisions in period,High,strict_validation,national constitutional review channel,official cumulative statistic; cross-system limited,QPC statistical bulletin,QPC statistical bulletin (turn22view1),Supreme Court Simulator - Institutional Design and Empirical Anchors,Supreme Court Simulator - Institutional Design and Empirical Anchors,Mixes merits and procedural outcomes; not comparable to raw filing totals in complaint-heavy systems.
spain_amparo_newCases,Spain,2024,9796,9796,9796,9796,new amparo appeals filed,all new matters filed in Spanish Constitutional Court in 2024,High,strict_validation,constitutional complaint channel,official annual statistic; cross-system limited,Memoria 2024,Spain Constitutional Court Memoria 2024 (turn12view1),Supreme Court Simulator - Institutional Design and Empirical Anchors,Supreme Court Simulator - Institutional Design and Empirical Anchors,Report states amparo made up 99.24% of new matters.
spain_amparo_admissionRate,Spain,2024,0.0225,0.0225,0.0225,2.25%,208 admissions opening merits path,9250 admissibility decisions in amparo,High,strict_validation,constitutional complaint filter,official annual process rate; within-jurisdiction strong,Memoria 2024,Spain Constitutional Court Memoria 2024 (turn12view1),Supreme Court Simulator - Institutional Design and Empirical Anchors,Supreme Court Simulator - Institutional Design and Empirical Anchors,"Denominator is admissibility decisions, not all new filings; strong filter anchor."
spain_amparo_fromSupremeCourtShare,Spain,2024,0.6252,0.6252,0.6252,62.52%,6125 amparo appeals originating from Supreme Court judgments,9796 new amparo appeals,High,loose_calibration,lower-court origin mix,official annual process statistic; within-jurisdiction strong,Memoria 2024,Spain Constitutional Court Memoria 2024 (turn12view1),Supreme Court Simulator - Institutional Design and Empirical Anchors,Supreme Court Simulator - Institutional Design and Empirical Anchors,Useful for modeling upstream-court sourcing.
italy_totalDecisions,Italy,2024,212,212,212,212,Constitutional Court decisions delivered,all Constitutional Court decisions in 2024,High,strict_validation,constitutional court output,official annual statistic; cross-system limited,Report on activities in 2024,Italy Report on activities in 2024 (turn26view0),Supreme Court Simulator - Institutional Design and Empirical Anchors,Supreme Court Simulator - Institutional Design and Empirical Anchors,Includes different procedural families.
italy_incidentalDecisions,Italy,2024,138,138,138,138,decisions in incidental proceedings,all Constitutional Court decisions in 2024 (212),High,strict_validation,concrete-referral channel,official annual statistic; cross-system limited,Report on activities in 2024,Italy Report on activities in 2024 (turn26view0),Supreme Court Simulator - Institutional Design and Empirical Anchors,Supreme Court Simulator - Institutional Design and Empirical Anchors,Strong anchor for referral-docket prominence.
italy_incidentalReferralOrders,Italy,2024,248,248,248,248,referral orders submitted for incidental review,all referral orders in 2024,High,strict_validation,input to concrete-referral channel,official annual statistic; within-jurisdiction strong,Report on activities in 2024,Italy Report on activities in 2024 (turn26view0),Supreme Court Simulator - Institutional Design and Empirical Anchors,Supreme Court Simulator - Institutional Design and Empirical Anchors,Best observed input flow for incidental review in a classic Kelsenian system.
italy_directApplicationsInitiated,Italy,2024,39,39,39,39,proceedings initiated by direct application,all direct applications initiated in 2024,High,strict_validation,abstract/direct review channel,official annual statistic; within-jurisdiction strong,Report on activities in 2024,Italy Report on activities in 2024 (turn26view0),Supreme Court Simulator - Institutional Design and Empirical Anchors,Supreme Court Simulator - Institutional Design and Empirical Anchors,Mainly State–Region competences and similar institutional disputes.
italy_avgDaysPublicationToHearing,Italy,2024,191,191,191,191,average days from publication in Official Journal to hearing,all proceedings measured under court’s timing method,High,loose_calibration,timing of constitutional review,official annual process statistic; cross-system limited,Report on activities in 2024,Italy Report on activities in 2024 (turn26view0),Supreme Court Simulator - Institutional Design and Empirical Anchors,Supreme Court Simulator - Institutional Design and Empirical Anchors,Not filing-to-disposition; still valuable timing anchor.
mexico_amparoDirect_filings,Mexico,2024,182036,182036,182036,182036,direct amparo filings in collegiate circuit courts,all direct amparo matters entering those courts in 2024,High,strict_validation,federal judicial rights-protection channel,official annual statistic; cross-system limited,PJF Statistical Annex 2024,PJF Statistical Annex 2024 (turn8view0),Supreme Court Simulator - Institutional Design and Empirical Anchors,Supreme Court Simulator - Institutional Design and Empirical Anchors,"Federal judiciary-wide, not SCJN-only."
mexico_amparoIndirect_filings,Mexico,2024,643245,643245,643245,643245,indirect amparo filings in district courts,all indirect amparo matters entering those courts in 2024,High,strict_validation,federal judicial rights-protection channel,official annual statistic; cross-system limited,PJF Statistical Annex 2024,PJF Statistical Annex 2024 (turn8view0),Supreme Court Simulator - Institutional Design and Empirical Anchors,Supreme Court Simulator - Institutional Design and Empirical Anchors,Massive-volume anchor for broad-access review.
mexico_constroversias_promoted,Mexico,2024,449,449,449,449,constitutional controversies promoted,all constitutional controversies promoted in period,High,strict_validation,abstract/institutional review channel,official annual statistic; within-jurisdiction strong,PJF Executive Report 2024,PJF Executive Report 2024 (turn8view2),Supreme Court Simulator - Institutional Design and Empirical Anchors,Supreme Court Simulator - Institutional Design and Empirical Anchors,SCJN-side institutional review intake.
mexico_constroversias_admitted,Mexico,2024,299,299,299,299,constitutional controversies admitted,constitutional controversies promoted (449),High,strict_validation,abstract/institutional review filter,official annual process rate; within-jurisdiction strong,PJF Executive Report 2024,PJF Executive Report 2024 (turn8view2),Supreme Court Simulator - Institutional Design and Empirical Anchors,Supreme Court Simulator - Institutional Design and Empirical Anchors,Admission share ≈ 66.6%; use for institutional-case screening.
mexico_accionesInconstitucionalidad_promoted,Mexico,2024,197,197,197,197,actions of unconstitutionality promoted,all such actions promoted in period,High,strict_validation,abstract review channel,official annual statistic; within-jurisdiction strong,PJF Executive Report 2024,PJF Executive Report 2024 (turn8view2),Supreme Court Simulator - Institutional Design and Empirical Anchors,Supreme Court Simulator - Institutional Design and Empirical Anchors,SCJN-side abstract review intake.
mexico_accionesInconstitucionalidad_admitted,Mexico,2024,189,189,189,189,actions of unconstitutionality admitted,actions of unconstitutionality promoted (197),High,strict_validation,abstract review filter,official annual process rate; within-jurisdiction strong,PJF Executive Report 2024,PJF Executive Report 2024 (turn8view2),Supreme Court Simulator - Institutional Design and Empirical Anchors,Supreme Court Simulator - Institutional Design and Empirical Anchors,Admission share ≈ 95.9%; unusually high compared with complaint systems.
us_petitionsReviewedPerWeek,United States,contemporary court practice,130,130,130,approximately 130,petitions evaluated by Justices each week,one typical week of petition review,Medium,design_prior,pre-cert screening workload,official process statement; not annual statistic,Court and Its Procedures,SCOTUS procedures page (turn42view0),Supreme Court Simulator - Institutional Design and Empirical Anchors,Supreme Court Simulator - Institutional Design and Empirical Anchors,"Good for triage-capacity simulation, not annual validation."
us_emergencyStay_votesRequired,United States,contemporary rules,5,5,5,5,votes needed to grant stay when full Court acts,all Justices voting on stay,High,design_prior,emergency applications,official procedural rule,Reporter’s Guide to Applications,Reporter’s Guide to Applications (turn42view1),Supreme Court Simulator - Institutional Design and Empirical Anchors,Supreme Court Simulator - Institutional Design and Empirical Anchors,The same guide notes only four votes are required to grant certiorari.
us_cert_votesRequired,United States,contemporary rules,4,4,4,4,votes needed to grant certiorari,all Justices voting on certiorari,High,design_prior,cert gate,official procedural rule,Reporter’s Guide to Applications,Reporter’s Guide to Applications (turn42view1),Supreme Court Simulator - Institutional Design and Empirical Anchors,Supreme Court Simulator - Institutional Design and Empirical Anchors,Important for modeling mismatch between emergency and merits gates.
france_exAnteReview_deadlineStandard,France,current constitutional rule,30,30,30,30 days,standard maximum time to rule on ex ante referral,one ex ante referral,High,design_prior,abstract ex ante review,official constitutional rule,"Constitution of the Fifth Republic, Article 61",Élysée Constitution text (turn37view0),Supreme Court Simulator - Institutional Design and Empirical Anchors,Supreme Court Simulator - Institutional Design and Empirical Anchors,Constitution states “within one month.”
france_exAnteReview_deadlineUrgent,France,current constitutional rule,8,8,8,8 days,urgent maximum time to rule on ex ante referral,one urgent ex ante referral,High,design_prior,abstract ex ante review,official constitutional rule,"Constitution of the Fifth Republic, Article 61",Élysée Constitution text (turn37view0),Supreme Court Simulator - Institutional Design and Empirical Anchors,Supreme Court Simulator - Institutional Design and Empirical Anchors,Government may request urgent shortening to eight days.
canada_override_expiryWindow,Canada,current constitutional rule,5,5,5,5 years,duration of a section 33 declaration before expiry,one override declaration,High,design_prior,legislative override mechanism,official constitutional rule,Constitution Act 1982 / Charter s.33,Justice Laws Constitution Act 1982 (turn35search9),Supreme Court Simulator - Institutional Design and Empirical Anchors,Supreme Court Simulator - Institutional Design and Empirical Anchors,Strong democratic-responsiveness anchor; not a court statistic.
germany_constComplaint_shareNewCases,Germany,2024,0.96,0.96,0.96,approximately 96%,constitutional complaints among new cases,all new cases in Federal Constitutional Court in 2024,Medium,proxy_context,constitutional complaint channel,official annual-report snippet; cross-system limited,2024 annual report snippet,Federal Constitutional Court annual report 2024 (turn28search15),Supreme Court Simulator - Institutional Design and Empirical Anchors,Supreme Court Simulator - Institutional Design and Empirical Anchors,"Exact numerator unavailable from accessible official text in this run; use as proxy/context, not strict validation."
germany_constComplaint_cumulativeSince1951,Germany,1951 to 2023/2024 reporting,252000,252000,252000,more than 252000,constitutional complaints handled since court’s establishment,cumulative since 1951,Medium,proxy_context,long-run workload,official annual-report/history snippet,2023 annual report/history snippet,Federal Constitutional Court annual report 2023 (turn14search3),Supreme Court Simulator - Institutional Design and Empirical Anchors,Supreme Court Simulator - Institutional Design and Empirical Anchors,"Strong context on scale of complaint jurisdiction, but not annual flow."
