sourceName,sourceUrl,files,sections,rowCount,validationUses,confidenceLevels,comparabilityClasses
2024 Annual Report Federal Constitutional Court,https://www.bundesverfassungsgericht.de/SharedDocs/Downloads/EN/Jahresbericht/jahresbericht_2024.pdf?__blob=publicationFile&v=4,lower-court-intake-calibration.csv,Lower-court and intake calibration,1,strict_validation,high,benchmark_or_constraint
2024 Year End Report on the Federal Judiciary,https://www.supremecourt.gov/publicinfo/year-end/2024year-endreport.pdf,lower-court-intake-calibration.csv,Lower-court and intake calibration,3,strict_validation,high,benchmark_or_constraint
Annuario 2024 - Un anno in cifre,https://www.cortecostituzionale.it/annuario2024/un-anno-in-cifre.html,lower-court-intake-calibration.csv,Lower-court and intake calibration,1,strict_validation,high,benchmark_or_constraint
CEPEJ 2022 press release,https://rm.coe.int/cepej-evaluation-report-2022-press-release-en/1680a858e7,institutional-cost-delay-complexity-benchmarks.csv,"Institutional budget, delay, and complexity benchmarks",1,loose_calibration,high,benchmark_or_constraint
CEPEJ 2024 presentation,https://rm.coe.int/cepej-presentation-main-trends-2024-report-jasa-vrabec-without-notes/1680b1f9d4,institutional-cost-delay-complexity-benchmarks.csv,"Institutional budget, delay, and complexity benchmarks",1,loose_calibration,high,benchmark_or_constraint
CEPEJ Germany 2024/2022,https://rm.coe.int/germany/1680b1df68,institutional-cost-delay-complexity-benchmarks.csv,"Institutional budget, delay, and complexity benchmarks",1,loose_calibration,high,benchmark_or_constraint
CEPEJ Italy 2024/2022,https://rm.coe.int/italy/1680b1df6e,institutional-cost-delay-complexity-benchmarks.csv,"Institutional budget, delay, and complexity benchmarks",3,loose_calibration,high,benchmark_or_constraint
CEPEJ study on judicial systems in EU member states,https://rm.coe.int/spain-eu-scoreboard-country-fiches-2022-data/1680b06604,institutional-cost-delay-complexity-benchmarks.csv,"Institutional budget, delay, and complexity benchmarks",1,loose_calibration,high,benchmark_or_constraint
CompLaw article,https://www.cambridge.org/core/journals/journal-of-law-and-courts/article/complaw-a-coding-protocol-and-database-for-the-comparative-study-of-judicial-review/5685D3D3909A911C7DDB9CD6F160D821,cross-national-calibration-targets.csv,Cross-national calibration targets,4,loose_calibration;paper_only_context,high,behavioral_rate;benchmark_or_constraint;paper_context
Constitutional Court of Korea - Bench and Quorum,https://english.ccourt.go.kr/site/eng/03/10302030000002020081101.jsp,cross-national-calibration-targets.csv;emergency-docket-calibration.csv;institutional-cost-delay-complexity-benchmarks.csv,"Cross-national calibration targets;Emergency docket calibration;Institutional budget, delay, and complexity benchmarks",4,paper_only_context;strict_validation,high,benchmark_or_constraint;binary_procedure_indicator;paper_context
Constitutional Court of Korea - Full Bench,https://english.ccourt.go.kr/site/eng/03/10302030000002020081101.jsp,cross-national-calibration-targets.csv,Cross-national calibration targets,1,strict_validation,high,benchmark_or_constraint
Constitutional Court of Korea official pages,https://english.ccourt.go.kr/site/eng/03/10302030000002020081101.jsp,comparative-court-design-presets.csv,Comparative court design presets,1,paper_only_context,high,design_context
Constitutional Court of Korea statistics,https://english.ccourt.go.kr/site/eng/jurisdiction/caseLoadStatic.do,lower-court-intake-calibration.csv,Lower-court and intake calibration,1,paper_only_context,medium,paper_context
Corte costituzionale official pages,https://www.cortecostituzionale.it/,institutional-cost-delay-complexity-benchmarks.csv,"Institutional budget, delay, and complexity benchmarks",1,paper_only_context,medium,paper_context
Corte costituzionale official pages,https://www.cortecostituzionale.it/annuario2024/un-anno-in-cifre.html,comparative-court-design-presets.csv,Comparative court design presets,1,paper_only_context,high,design_context
Derived from 2024 Year End Report on the Federal Judiciary,https://www.supremecourt.gov/publicinfo/year-end/2024year-endreport.pdf,lower-court-intake-calibration.csv,Lower-court and intake calibration,1,strict_validation,high,behavioral_rate
Derived from Annuario 2024,https://www.cortecostituzionale.it/annuario2024/un-anno-in-cifre.html,lower-court-intake-calibration.csv,Lower-court and intake calibration,1,strict_validation,high,behavioral_rate
Derived from Constitutional Court of Korea statistics,https://english.ccourt.go.kr/site/eng/jurisdiction/caseLoadStatic.do,lower-court-intake-calibration.csv,Lower-court and intake calibration,1,paper_only_context,medium,paper_context
Derived from Memoria 2024 / Nota informativa 1/2025,https://www.tribunalconstitucional.es/NotasDePrensaDocumentos/NP_2025_001/NOTA%20INFORMATIVA%20N%C2%BA%201-2025.pdf,lower-court-intake-calibration.csv,Lower-court and intake calibration,1,strict_validation,high,benchmark_or_constraint
Derived from Nota informativa 1/2025,https://www.tribunalconstitucional.es/NotasDePrensaDocumentos/NP_2025_001/NOTA%20INFORMATIVA%20N%C2%BA%201-2025.pdf,lower-court-intake-calibration.csv,Lower-court and intake calibration,1,strict_validation,high,behavioral_rate
Federal Constitutional Court - Preliminary injunctions,https://www.bundesverfassungsgericht.de/EN/TheFederalConstitutionalCourt/TypesOfProceedings/PreliminaryInjunctions/preliminaryinjunctions_node.html,emergency-docket-calibration.csv,Emergency docket calibration,1,strict_validation,high,binary_procedure_indicator
Federal Constitutional Court - Reaching a decision,https://www.bundesverfassungsgericht.de/EN/ConstitutionalComplaint/Reachingadecision/reachingadecision_node.html,emergency-docket-calibration.csv,Emergency docket calibration,1,strict_validation,high,benchmark_or_constraint
Federal Constitutional Court FAQ,https://www.bundesverfassungsgericht.de/EN/TheFederalConstitutionalCourt/FrequentlyAskedQuestions/frequentlyaskedquestions_node.html,cross-national-calibration-targets.csv,Cross-national calibration targets,1,strict_validation,high,benchmark_or_constraint
Federal Constitutional Court official pages,https://www.bundesverfassungsgericht.de/EN/ConstitutionalComplaint/Reachingadecision/reachingadecision_node.html,institutional-cost-delay-complexity-benchmarks.csv,"Institutional budget, delay, and complexity benchmarks",1,paper_only_context,high,paper_context
Federal Constitutional Court official pages,https://www.bundesverfassungsgericht.de/EN/TheFederalConstitutionalCourt/thefederalconstitutionalcourt_node.html,comparative-court-design-presets.csv;cross-national-calibration-targets.csv;institutional-cost-delay-complexity-benchmarks.csv,"Comparative court design presets;Cross-national calibration targets;Institutional budget, delay, and complexity benchmarks",3,paper_only_context;strict_validation,high,benchmark_or_constraint;design_context;paper_context
Justice Canada - Section 33,https://www.justice.gc.ca/eng/csj-sjc/rfc-dlc/ccrf-ccdl/check/art33.html,cross-national-calibration-targets.csv,Cross-national calibration targets,1,strict_validation,high,benchmark_or_constraint
Justice Canada materials,https://www.justice.gc.ca/eng/csj-sjc/rfc-dlc/ccrf-ccdl/check/art33.html,comparative-court-design-presets.csv,Comparative court design presets,1,paper_only_context,medium,design_context
Memoria 2024 / estadisticas,https://www.tribunalconstitucional.es/es/jurisprudencia/InformacionRelevante/ESTADISTICAS-2024.pdf,lower-court-intake-calibration.csv,Lower-court and intake calibration,1,strict_validation,high,benchmark_or_constraint
Nota informativa 1/2025,https://www.tribunalconstitucional.es/NotasDePrensaDocumentos/NP_2025_001/NOTA%20INFORMATIVA%20N%C2%BA%201-2025.pdf,lower-court-intake-calibration.csv,Lower-court and intake calibration,2,strict_validation,high,benchmark_or_constraint
Nota informativa 68/2025,https://www.tribunalconstitucional.es/NotasDePrensaDocumentos/NP_2025_068/NOTA%20INFORMATIVA%20N%C2%BA%2068-2025.pdf,lower-court-intake-calibration.csv,Lower-court and intake calibration,1,loose_calibration,high,benchmark_or_constraint
Order abstract of 18 Aug 2020,https://www.bundesverfassungsgericht.de/SharedDocs/Entscheidungen/EN/2020/08/rk20200818_1bvr191820en.html,emergency-docket-calibration.csv,Emergency docket calibration,1,strict_validation,high,benchmark_or_constraint
QPC360 + official constitutional structure,https://qpc360.conseil-constitutionnel.fr/45-decisions-qpc-conseil-constitutionnel-2023-la2,comparative-court-design-presets.csv,Comparative court design presets,1,paper_only_context,medium,design_context
QPC360 - 45 decisions in 2023,https://qpc360.conseil-constitutionnel.fr/45-decisions-qpc-conseil-constitutionnel-2023-la2,lower-court-intake-calibration.csv,Lower-court and intake calibration,2,loose_calibration;strict_validation,high,benchmark_or_constraint
SCOTUSblog Interim Docket,https://www.scotusblog.com/cases/interim-docket/2024/,emergency-docket-calibration.csv,Emergency docket calibration,3,loose_calibration;strict_validation,high;medium,benchmark_or_constraint;binary_procedure_indicator
Supreme Court Shadow Docket Database,https://www.shadowdocketdata.com/,emergency-docket-calibration.csv,Emergency docket calibration,1,paper_only_context,high,paper_context
Supreme Court year-end reports + shadow docket sources,https://www.supremecourt.gov/publicinfo/year-end/2025year-endreport.pdf,comparative-court-design-presets.csv,Comparative court design presets,1,paper_only_context,medium,design_context
Tribunal Constitucional composition page,https://www.tribunalconstitucional.es/es/tribunal/Composicion-Organizacion/composicion/Paginas/default.aspx,cross-national-calibration-targets.csv;institutional-cost-delay-complexity-benchmarks.csv,"Cross-national calibration targets;Institutional budget, delay, and complexity benchmarks",2,paper_only_context;strict_validation,high,benchmark_or_constraint;paper_context
Tribunal Constitucional magistrados page,https://www.tribunalconstitucional.es/es/tribunal/Composicion-Organizacion/composicion/Paginas/magistrados.aspx,cross-national-calibration-targets.csv,Cross-national calibration targets,1,strict_validation,high,benchmark_or_constraint
Tribunal Constitucional official pages,https://www.tribunalconstitucional.es/es/tribunal/Composicion-Organizacion/composicion/Paginas/default.aspx,comparative-court-design-presets.csv,Comparative court design presets,1,paper_only_context,high,design_context
