protocolRank,targetKey,benchmarkTarget,pathway,simulatorMetrics,blockingReadinessRows,currentEvidenceLimit,requiredSourceUnit,requiredFields,recommendedFields,candidateSources,completionRule,validationUpgrade,firstExtractionSlice
1,merits_followthrough,emergency merits follow-through,emergency,meritsAccelerationPerEmergencyStayDocket; emergencyGrantConditionalRate,#12 emergencyGrantConditionalRate: needs term or cohort expansion; #19 meritsAccelerationPerEmergencyStayDocket: all-application docket linkage complete; external implementation still missing,research_synthesis/conditional_near_match/n=1; research_synthesis/mechanism_proxy/n=1,one row per emergency application or interim-relief request,sourceKey; sourceRecordId; sourceUrl; term; docketNumber; dispositionDate; dispositionType; linkedMeritsDocket; meritsFollowThroughCategory,linkedMeritsFiledDate; linkedMeritsDecisionDate; linkedMeritsOutcome; coderNotes,shadow-docket-v2-0 (available summary only); shadow-docket-v3-0 (OT2023-OT2024 compact rows extracted and reconciled; official-docket linkage now covers grant and denied/NA queues for docket-visible fields); scotus-docket-plus-shadow-docket-v3-0 (grant and denied/NA official-docket linkage coded for OT2023-OT2024; not external implementation validation); supreme-court-simulator-calibration-targets (needs original-source extraction); scotusblog-interim-2024 (must cross-check against primary docket or order text),each granted or otherwise resolved emergency application has a disposition and linked-merits category,can convert merits-follow-through rows from mechanism proxy to direct benchmark or loose calibration,noncapital emergency applications with grants in the existing OT2003-OT2021 source window
2,reason_visibility,emergency reason and public-disagreement visibility,emergency,reasonedEmergencyOrderRate,#20 reasonedEmergencyOrderRate: all-application docket linkage complete for reason visibility,research_synthesis/mechanism_proxy/n=1,one row per emergency disposition,sourceKey; sourceRecordId; sourceUrl; term; docketNumber; responseRequested; reasoningPresent; publicDisagreement,briefingWindowDays; fullCourtReferral; coderNotes,shadow-docket-v2-0 (available summary only); shadow-docket-v3-0 (OT2023-OT2024 compact rows extracted and reconciled; official-docket linkage now covers grant and denied/NA queues for docket-visible fields); scotus-docket-plus-shadow-docket-v3-0 (grant and denied/NA official-docket linkage coded for OT2023-OT2024; not external implementation validation); supreme-court-simulator-calibration-targets (needs original-source extraction); scotusblog-interim-2024 (must cross-check against primary docket or order text),"each disposition records response request, reasoning, public disagreement, and full-court referral when visible",can separate written-reasoning benchmarks from dissent or disagreement proxies,applications with public writings or noted dissents in the existing noncapital emergency source window
3,downstream_effect,emergency downstream implementation effect,emergency,emergencyDownstreamEffect,#11 emergencyDownstreamEffect: all-application docket linkage complete; needs external implementation measure,research_synthesis/scale_mismatch/n=1,one row per granted emergency application plus linked implementation observation,sourceKey; sourceRecordId; sourceUrl; term; docketNumber; applicantType; reliefRequested; reliefGranted; statusQuoEffect; linkedMeritsDocket,respondentType; linkedMeritsOutcome; downstreamPolicyStatus; repeatFilingFlag; coderNotes,shadow-docket-v2-0 (available summary only); shadow-docket-v3-0 (OT2023-OT2024 compact rows extracted and reconciled; official-docket linkage now covers grant and denied/NA queues for docket-visible fields); scotus-docket-plus-shadow-docket-v3-0 (grant and denied/NA official-docket linkage coded for OT2023-OT2024; not external implementation validation); supreme-court-simulator-calibration-targets (needs original-source extraction); scotusblog-interim-2024 (must cross-check against primary docket or order text),"each row classifies status-quo effect, linked merits result, and downstream policy status",can replace peak-count context with a direct event-linkage benchmark,presidential or government emergency applications in the currently cited peak-period source row
4,application_presence,emergency application denominator,emergency,emergencyStayDocketRate; emergencyOrderRate,#4 emergencyStayDocketRate: needs pathway-specific denominator; #18 emergencyOrderRate: usable benchmark guardrail,raw_or_primary_summary/denominator_mismatch/n=32; raw_or_primary_summary/near_pathway_match/n=22,one row per application with term and source-record identifier,sourceKey; sourceRecordId; sourceUrl; term; docketNumber; applicationDate; applicationClass; applicantType,respondentType; lowerCourt; coderNotes,shadow-docket-v2-0 (available summary only); shadow-docket-v3-0 (OT2023-OT2024 compact rows extracted and reconciled; official-docket linkage now covers grant and denied/NA queues for docket-visible fields); scotus-docket-plus-shadow-docket-v3-0 (grant and denied/NA official-docket linkage coded for OT2023-OT2024; not external implementation validation); supreme-court-simulator-calibration-targets (needs original-source extraction); scotusblog-interim-2024 (must cross-check against primary docket or order text),application counts and order counts are separated from all Journal-order denominators,can turn the emergency-application presence row from denominator mismatch into a pathway-specific rate,2003-2024 shadow-docket rows already summarized in the normalized calibration file
5,cert_petition_denominator,certiorari petition denominator,certiorari,paidCertPetitionShare; ifpCertPetitionShare; certiorariAdmissionRate,#5 certiorariAdmissionRate: needs pathway-specific denominator; #22 ifpCertPetitionShare: usable benchmark guardrail; #24 paidCertPetitionShare: usable benchmark guardrail,primary_source_named_in_table/denominator_mismatch/n=2; raw_or_primary_summary/near_pathway_match/n=2; raw_or_primary_summary/near_pathway_match/n=2,one row per docketed certiorari petition or term-flow petition record,sourceKey; sourceRecordId; sourceUrl; term; petitionType; paidOrIfp; dispositionDate; certDisposition; granted,docketNumber; petitionFiledDate; petitionerType; lowerCourt; lowerCourtOrigin; issueArea; vehicleQualityObjection; relistCount; grantSetForArgument; gvrOrSummaryDisposition; meritsDocket; meritsDecisionDate; meritsOutcome; reversalOrVacatur; coderNotes,journal-ot2023 (term-flow statistics extracted and reconciled; not a closed petition cohort); scotus-certiorari-docketed-cohort-ot2023 (4222 of 4222 paid/IFP dockets enumerated with zero fetch failures; 4033 certiorari petitions have mature current docket outcomes); scotus-certiorari-docketed-cohort-ot2024 (3854 of 3854 Journal-count-defined paid/IFP dockets enumerated with zero fetch failures; 3683 certiorari petitions include 3680 resolved and 3 pending or held outcomes); scotus-certiorari-docketed-cohorts-ot2023-ot2024 (8076 paid/IFP dockets and 7716 certiorari petitions across two independently enumerated terms; three OT2024 petitions remain pending or held); scotus-docket-plus-journal-disposition-ot2023 (3947 of 3951 Journal disposition rows joined; 4 static docket fetches still failed); scotus-docket-plus-journal-granted-ot2023 (official docket rows extracted for Journal granted/GVR rows; not a closed petition cohort); thompson-wachtell-certiorari (summary counts only; needs row-level extraction); lazarus-ot2005-cert-stage-amicus (single-term subset; not a full petition denominator); beim-rader-conflicts (conflict sample; not petition denominator); feldman-kappner-elite-counsel (filtered attorney subset; not whole-cohort counsel prevalence),"closed petition cohort separates paid and IFP filing, disposition, grant, and set-for-argument status",can move paid/IFP intake and certiorari admission from term-flow guardrails toward petition-cohort benchmarks,OT2023-OT2024 official docketed cohorts complete; next add another mature term or an issue-coded constitutional-review subset
6,cert_cfr_response,certiorari response and CFR stage,certiorari,paidCfrRequestRate; ifpCfrRequestRate,#23 ifpCfrRequestRate: usable benchmark guardrail; #25 paidCfrRequestRate: usable benchmark guardrail,raw_or_primary_summary/near_pathway_match/n=3; raw_or_primary_summary/near_pathway_match/n=3,one row per paid or IFP petition with response and CFR status,sourceKey; sourceRecordId; sourceUrl; term; paidOrIfp; respondentType; responseFiled; responseSource; responseRequestedByCourt; dispositionDate; certDisposition; granted,docketNumber; cfrDate; coderNotes,journal-ot2023 (term-flow statistics extracted and reconciled; not a closed petition cohort); scotus-certiorari-docketed-cohort-ot2023 (4222 of 4222 paid/IFP dockets enumerated with zero fetch failures; 4033 certiorari petitions have mature current docket outcomes); scotus-certiorari-docketed-cohort-ot2024 (3854 of 3854 Journal-count-defined paid/IFP dockets enumerated with zero fetch failures; 3683 certiorari petitions include 3680 resolved and 3 pending or held outcomes); scotus-certiorari-docketed-cohorts-ot2023-ot2024 (8076 paid/IFP dockets and 7716 certiorari petitions across two independently enumerated terms; three OT2024 petitions remain pending or held); scotus-docket-plus-journal-disposition-ot2023 (3947 of 3951 Journal disposition rows joined; 4 static docket fetches still failed); scotus-docket-plus-journal-granted-ot2023 (official docket rows extracted for Journal granted/GVR rows; not a closed petition cohort); thompson-wachtell-certiorari (summary counts only; needs row-level extraction); lazarus-ot2005-cert-stage-amicus (single-term subset; not a full petition denominator); beim-rader-conflicts (conflict sample; not petition denominator); feldman-kappner-elite-counsel (filtered attorney subset; not whole-cohort counsel prevalence),"each petition has paid/IFP status, response status, CFR flag or date, respondent category, and disposition",can benchmark CFR and response-stage sorting without pooling paid and IFP petitions,OT2023-OT2024 direct CFR incidence complete; next add respondent and SG-response coding or another mature term
7,cert_cvsg_signal,certiorari CVSG signal,certiorari,cvsgRequestRate,#21 cvsgRequestRate: usable benchmark guardrail,raw_or_primary_summary/near_pathway_match/n=2,one row per petition eligible for or receiving a CVSG,sourceKey; sourceRecordId; sourceUrl; term; respondentType; cvsgRequested; dispositionDate; certDisposition; granted,docketNumber; cvsgDate; sgRecommendation; relistCount; gvrOrSummaryDisposition; meritsDocket; meritsDecisionDate; meritsOutcome; reversalOrVacatur; coderNotes,journal-ot2023 (term-flow statistics extracted and reconciled; not a closed petition cohort); scotus-certiorari-docketed-cohort-ot2023 (4222 of 4222 paid/IFP dockets enumerated with zero fetch failures; 4033 certiorari petitions have mature current docket outcomes); scotus-certiorari-docketed-cohort-ot2024 (3854 of 3854 Journal-count-defined paid/IFP dockets enumerated with zero fetch failures; 3683 certiorari petitions include 3680 resolved and 3 pending or held outcomes); scotus-certiorari-docketed-cohorts-ot2023-ot2024 (8076 paid/IFP dockets and 7716 certiorari petitions across two independently enumerated terms; three OT2024 petitions remain pending or held); scotus-docket-plus-journal-disposition-ot2023 (3947 of 3951 Journal disposition rows joined; 4 static docket fetches still failed); scotus-docket-plus-journal-granted-ot2023 (official docket rows extracted for Journal granted/GVR rows; not a closed petition cohort); thompson-wachtell-certiorari (summary counts only; needs row-level extraction); lazarus-ot2005-cert-stage-amicus (single-term subset; not a full petition denominator); beim-rader-conflicts (conflict sample; not petition denominator); feldman-kappner-elite-counsel (filtered attorney subset; not whole-cohort counsel prevalence),"CVSG request, SG recommendation, Court follow-through, and disposition are coded on a known petition denominator",can replace count-per-year CVSG context with a petition-stage CVSG rate and recommendation benchmark,OT2023-OT2024 direct CVSG-request incidence complete; next add SG recommendation and Court-follow-through coding
8,cert_elite_counsel,certiorari elite counsel and amicus access,certiorari,specialistCounselRate,#1 specialistCounselRate: needs direct behavior benchmark,peer_reviewed_or_scholarly_summary/mechanism_proxy/n=1,"one row per petition with counsel, former-clerk, and cert-stage amicus indicators when source permits",sourceKey; sourceRecordId; sourceUrl; term; specialistCounselFlag,petitionerType; certStageAmicusCount; formerClerkCounselFlag; coderNotes,journal-ot2023 (term-flow statistics extracted and reconciled; not a closed petition cohort); scotus-certiorari-docketed-cohort-ot2023 (4222 of 4222 paid/IFP dockets enumerated with zero fetch failures; 4033 certiorari petitions have mature current docket outcomes); scotus-certiorari-docketed-cohort-ot2024 (3854 of 3854 Journal-count-defined paid/IFP dockets enumerated with zero fetch failures; 3683 certiorari petitions include 3680 resolved and 3 pending or held outcomes); scotus-certiorari-docketed-cohorts-ot2023-ot2024 (8076 paid/IFP dockets and 7716 certiorari petitions across two independently enumerated terms; three OT2024 petitions remain pending or held); scotus-docket-plus-journal-disposition-ot2023 (3947 of 3951 Journal disposition rows joined; 4 static docket fetches still failed); scotus-docket-plus-journal-granted-ot2023 (official docket rows extracted for Journal granted/GVR rows; not a closed petition cohort); thompson-wachtell-certiorari (summary counts only; needs row-level extraction); lazarus-ot2005-cert-stage-amicus (single-term subset; not a full petition denominator); beim-rader-conflicts (conflict sample; not petition denominator); feldman-kappner-elite-counsel (filtered attorney subset; not whole-cohort counsel prevalence),counsel and amicus signals are coded without reducing the denominator to only high-success attorney subsets,can separate access/salience proxy evidence from direct specialist-counsel prevalence benchmarks,Feldman-Kappner filtered elite-counsel rows and Lazarus OT2005 non-SG amicus rows as bounded proxy slices
9,cert_split_quality,certiorari split-quality coding,certiorari,genuineLowerCourtSplitRate,#2 genuineLowerCourtSplitRate: needs pathway-specific denominator,research_synthesis/denominator_mismatch/n=1,one row per petition or conflict observation with alleged and genuine split coding,sourceKey; sourceRecordId; sourceUrl; term; allegedSplitFlag; genuineSplitFlag,lowerCourt; lowerCourtOrigin; issueArea; splitDepth; vehicleQualityObjection; coderNotes,journal-ot2023 (term-flow statistics extracted and reconciled; not a closed petition cohort); scotus-certiorari-docketed-cohort-ot2023 (4222 of 4222 paid/IFP dockets enumerated with zero fetch failures; 4033 certiorari petitions have mature current docket outcomes); scotus-certiorari-docketed-cohort-ot2024 (3854 of 3854 Journal-count-defined paid/IFP dockets enumerated with zero fetch failures; 3683 certiorari petitions include 3680 resolved and 3 pending or held outcomes); scotus-certiorari-docketed-cohorts-ot2023-ot2024 (8076 paid/IFP dockets and 7716 certiorari petitions across two independently enumerated terms; three OT2024 petitions remain pending or held); scotus-docket-plus-journal-disposition-ot2023 (3947 of 3951 Journal disposition rows joined; 4 static docket fetches still failed); scotus-docket-plus-journal-granted-ot2023 (official docket rows extracted for Journal granted/GVR rows; not a closed petition cohort); thompson-wachtell-certiorari (summary counts only; needs row-level extraction); lazarus-ot2005-cert-stage-amicus (single-term subset; not a full petition denominator); beim-rader-conflicts (conflict sample; not petition denominator); feldman-kappner-elite-counsel (filtered attorney subset; not whole-cohort counsel prevalence),"alleged split, genuine split, split depth, maturity, and disposition are coded in the same petition or conflict sample",can test alleged-versus-genuine split logic before treating split quality as a direct petition benchmark,Beim-Rader conflict rows as a secondary split-quality proxy before locating underlying petition records
