sourceKey,pathway,sourceName,sourceUrl,sourceTier,rowsTargeted,extractionRole,benchmarkStatus,notes
shadow-docket-v2-0,emergency,Supreme Court Shadow Docket Database,https://www.shadowdocketdata.com/data,raw_or_primary_summary,"emergency application presence; emergency orders","term-level guardrail and candidate row source","available summary only","Current normalized rows support broad emergency frequency checks but not linked merits follow-through or downstream effects."
shadow-docket-v3-0,emergency,Supreme Court Shadow Docket Database v3.0,https://www.shadowdocketdata.com/data,raw_or_primary_summary,"full-court emergency application rows; emergency grants; public disagreement","application-level source slice","OT2023-OT2024 compact rows extracted and reconciled; official-docket linkage now covers grant and denied/NA queues for docket-visible fields","The compact extract supplies source-record-addressable denominator, grant, and public-disagreement rows for two recent terms. Official-docket linkage preserves the distinction between docket-visible application fields and still-missing external implementation observations."
scotus-docket-plus-shadow-docket-v3-0,emergency,Official Supreme Court docket pages joined to Shadow Docket Database v3.0 rows,data/benchmarks/emergency-application-denied-linkage-coded-v1.csv,raw_or_primary_extract,"application filing date; response request; reasoning visibility; status-quo effect; docket-visible merits linkage; repeat filing","bounded all-application emergency docket-linkage source slice","grant and denied/NA official-docket linkage coded for OT2023-OT2024; not external implementation validation","The generated denied/NA extract joins 210 Shadow Docket source-record rows to official Supreme Court docket pages, complementing the 31-row granted benchmark. One mixed-disposition row is manually linked to merits docket 25-1017 and was refreshed through July 26, 2026. The source preserves the boundary between docket-derived downstream status and external lower-court, agency, or policy implementation evidence."
supreme-court-simulator-calibration-targets,emergency,Supreme Court simulator calibration target source register,data/calibration/supreme-court-research-2026/supreme-court-simulator-calibration-targets.csv,research_synthesis,"grant rate; reason/disagreement; merits follow-through; downstream peak context","structured research synthesis","needs original-source extraction","Useful for identifying variables but not sufficient as freestanding validation evidence."
scotusblog-interim-2024,emergency,SCOTUSblog Interim Docket,https://www.scotusblog.com/cases/interim-docket/2024/,secondary_source_context,"reason visibility; application-level docket context","candidate public index for hand-linking","must cross-check against primary docket or order text","Can help locate applications but should not be the final source of legal disposition coding."
journal-ot2023,certiorari,Journal of the Supreme Court OT2023,https://www.supremecourt.gov/orders/journal/jnl23.pdf,primary_source_named_in_table,"paid and IFP term flow; plenary review count","term-flow benchmark input","term-flow statistics extracted and reconciled; not a closed petition cohort","Useful for broad certiorari flow after official-count reconciliation but not enough for cohort-level grant or CVSG rates."
scotus-certiorari-docketed-cohort-ot2023,certiorari,Official Supreme Court OT2023 paid/IFP docketed-intake cohort,data/benchmarks/certiorari-docketed-cohort-ot2023.csv,raw_or_primary_extract,"docketed paid/IFP denominator; petition type; filing date; response filed; CFR; CVSG; cert-stage amicus presence; relist; mature cert-stage outcome; grant/GVR","closed official-docket intake cohort","4222 of 4222 paid/IFP dockets enumerated with zero fetch failures; 4033 certiorari petitions have mature current docket outcomes","Directly supports bounded OT2023 docketed-intake, CFR, CVSG, amicus-presence, relist, and grant/GVR descriptions. It is not a census of undocketed submissions, not constitutional-review-only, and does not code issue area, specialist counsel, former-clerk counsel, split quality, or vehicle quality."
scotus-certiorari-docketed-cohort-ot2024,certiorari,Official Supreme Court OT2024 published-statistics paid/IFP docketed-intake cohort,data/benchmarks/certiorari-docketed-cohort-ot2024.csv,raw_or_primary_extract,"docketed paid/IFP denominator; petition type; filing date; response filed; CFR; CVSG; cert-stage amicus presence; relist; cert-stage outcome; grant/GVR","closed official-docket published-statistics snapshot cohort","3854 of 3854 Journal-count-defined paid/IFP dockets enumerated with zero fetch failures; 3683 certiorari petitions include 3680 resolved and 3 pending or held outcomes","Directly supports bounded OT2024 docketed-intake, CFR, CVSG, amicus-presence, relist, and resolved grant/GVR descriptions. Four same-cutoff-date dockets above the Journal count-defined ranges are explicit exclusions; undocketed submissions and issue, counsel, split-quality, and vehicle-quality fields remain outside scope."
scotus-certiorari-docketed-cohorts-ot2023-ot2024,certiorari,Official Supreme Court paired OT2023-OT2024 docketed-intake cohorts,https://www.supremecourt.gov/docket/docket.aspx,raw_or_primary_extract,"two-term docketed paid/IFP denominator; petition-stage CFR; CVSG; cert-stage amicus presence; relist; resolved grant/GVR","paired descriptive official-docket benchmark","8076 paid/IFP dockets and 7716 certiorari petitions across two independently enumerated terms; three OT2024 petitions remain pending or held","The paired report supports descriptive multi-term guardrails only. It is not causal, constitutional-review-only, or a census of undocketed submissions; source-term denominators and the OT2024 count-snapshot exclusions remain separate."
scotus-docket-plus-journal-disposition-ot2023,certiorari,Official Supreme Court static docket pages joined to OT2023 Journal disposition rows,data/benchmarks/certiorari-journal-docket-detail-ot2023.csv,raw_or_primary_extract,"petition filing date; response filed; CFR; CVSG; cert-stage amicus; relist count","bounded near-complete Journal public-docket source slice","3947 of 3951 Journal disposition rows joined; 4 static docket fetches still failed","This older Journal-defined slice remains useful for source reconciliation. Closed OT2023 docketed-intake coverage is supplied separately by scotus-certiorari-docketed-cohort-ot2023."
scotus-docket-plus-journal-granted-ot2023,certiorari,Official Supreme Court docket pages joined to OT2023 Journal grants,data/benchmarks/certiorari-granted-docket-detail-ot2023.csv,raw_or_primary_extract,"granted and GVR petition filing date; CFR; CVSG; argument; merits outcome","bounded granted/GVR docket-detail source slice","official docket rows extracted for Journal granted/GVR rows; not a closed petition cohort","The generated extract joins OT2023 Journal granted and GVR/remand rows to official Supreme Court docket pages, adding petition filing, response-request, CVSG, argument, and merits-outcome detail while preserving the closed-cohort denominator boundary."
thompson-wachtell-certiorari,certiorari,Thompson and Wachtell certiorari petition universe,https://patentlyo.com/media/docs/2012/12/16-2_Wachtell.pdf,peer_reviewed_or_scholarly_summary,"CFR rates; SG voluntary response; CVSG frequency; CVSG grant and recommendation follow-through","petition-universe cohort source for CFR CVSG and SG response benchmarks","summary counts only; needs row-level extraction","Strongest current source family for paid and IFP response-stage sorting but still needs row-level extraction before validation upgrades."
lazarus-ot2005-cert-stage-amicus,certiorari,Lazarus OT2005 cert-stage amicus study,https://static1.squarespace.com/static/60188505fb790b33c3d33a61/t/604aec44caad69337e3c7751/1615522885567/courses.RobertsCourtLazarus.pdf,peer_reviewed_or_scholarly_summary,"cert-stage amicus intensity; non-SG paid petition grant buckets","single-term salience and elite-access proxy","single-term subset; not a full petition denominator","Useful for nonlinear amicus salience checks while keeping the OT2005 non-SG paid-petition scope explicit."
beim-rader-conflicts,certiorari,Beim and Rader lower-court conflict study,https://campuspress.yale.edu/beim/files/2011/10/Beim_Rader_Conflicts-xxkfk0.pdf,peer_reviewed_or_scholarly_summary,"genuine versus alleged conflict; conflict grant rate; conflict lifecycle","split-quality and conflict-maturity proxy source","conflict sample; not petition denominator","Useful for split-quality and maturity coding but cannot validate whole-docket genuine split prevalence without petition-level rows."
feldman-kappner-elite-counsel,certiorari,Feldman and Kappner certiorari counsel study,https://www.villanovalawreview.com/article/10353-finding-certainty-in-cert-an-empirical-analysis-of-the-factors-involved-in-supreme-court-certiorari-decisions-from-2001-2015.pdf,peer_reviewed_or_scholarly_summary,"specialist counsel grant and denial rates; filtered attorney subset","elite-counsel proxy source","filtered attorney subset; not whole-cohort counsel prevalence","Useful for access asymmetry and specialist counsel direction but cannot supply a denominator-wide counsel rate by itself."
judicial-compliance-district-courts,lower_court_compliance,Judicial Compliance in District Courts,data/calibration/supreme-court-research-2026/supreme-court-simulator-institutional-design-evidence.csv,research_synthesis,"district-court alignment response; post-precedent treatment","candidate lower-court doctrinal-uptake source","summary effect only; needs row-level treatment extraction","The normalized row gives a strong directional alignment effect for eligible district-court cases, but the benchmark still needs treatment-level rows before lowerCourtCompliance is upgraded."
masood-kassow-songer-lower-court-responses,lower_court_compliance,The Aggregate Dynamics of Lower Court Responses to the U.S. Supreme Court,https://doi.org/10.7910/DVN/DZZY7G,raw_or_primary_extract,"876 source precedents; cited-only, followed, adverse, and distinguished counts through 2016; 223 constitutional-issue precedents","direct aggregate doctrinal-uptake source slice","876 precedent rows extracted and checksum-reconciled; not event-level or practical-compliance validation","The source directly measures aggregate doctrinal uptake but lacks individual lower-court treatment rows, an exposed/ignored-case denominator, treatment dates, remedies, and practical implementation."
courtlistener-environmental-scotus-citation-events,lower_court_compliance,CourtListener environmental Supreme Court published-citation cohort,data/benchmarks/lower-court-environmental-treatment-events-v1.csv,raw_or_primary_extract,"191 deduplicated published federal citing-opinion documents; 65 nationwide-applicability/published-citation-presence cells; 115 public-text citation contexts","descriptive citation-presence and automated treatment-candidate source slice","five decision-specific explicitly published-only 730-day searches reconciled; not an empirical exposure, all-relevant-case opportunity, or ignored-precedent denominator","The cohort covers five salient environmental statutory Supreme Court decisions. Full-text missingness is nonrandom, directional candidates remain pending expert legal review, and zero-citation cells are not coded as ignored authority or noncompliance."
gurganus-2025-environmental-agency-implementation,lower_court_compliance,Supreme Court Power and Agency Implementation in Environmental Litigation,https://doi.org/10.1111/lapo.70004,peer_reviewed_or_scholarly_extract,"five purposively selected salient environmental decisions; four compliant labels; one narrowly compliant label","bounded practical-implementation case-study classification slice","five published classifications joined to verified official agency or Federal Register actions and a structured Table 1 transcription; no noncompliant outcome observed","The complete purposive sample supplies decision-level case-study classifications. Its 4/5 and 1/5 composition is not an estimable compliance probability or behavioral guardrail."
federal-bureaucratic-compliance,lower_court_compliance,Explaining Federal Bureaucratic Compliance with Supreme Court Opinions,data/calibration/supreme-court-research-2026/supreme-court-simulator-institutional-design-evidence.csv,peer_reviewed_or_scholarly_summary,"agency implementation; narrow compliance; implementation episodes","candidate implementation-resistance source","summary study sample only; needs event-level extraction","The normalized rows identify a 220-observation agency implementation sample and narrow-compliance share, but source-level implementation actions must be coded before governmentNoncomplianceRate is upgraded."
costa-rica-compliance-monitoring,lower_court_compliance,The Costa Rican Supreme Court's Compliance Monitoring System,data/calibration/supreme-court-research-2026/supreme-court-simulator-institutional-design-evidence.csv,raw_or_primary_summary,"orders tracked; time to compliance; monitoring capacity","candidate monitoring-capacity source","summary monitoring counts only; needs decision-level monitoring rows","The normalized rows provide monitoring coverage and duration anchors, but the benchmark still needs tracked-decision rows with status and duration fields."
ecthr-execution-supervision,lower_court_compliance,Committee of Ministers supervision of ECtHR execution,data/calibration/supreme-court-research-2026/supreme-court-simulator-institutional-design-evidence.csv,raw_or_primary_summary,"pending leading cases; long-tail execution delay; non-enforcement theme share","candidate execution and resistance source","official aggregate execution counts only; needs case-level execution rows","The normalized rows give official execution stock and delay guardrails, but case-level execution or monitoring rows are required before compliance or resistance metrics are validated."
ecthr-hudoc-exec-pending-leading-cases,lower_court_compliance,HUDOC-EXEC pending leading cases,data/benchmarks/ecthr-execution-monitoring-pending-leading-cases-v1.csv,raw_or_primary_extract,"pending leading cases; supervision track; unresolved duration","direct monitoring-capacity source slice","live API snapshot; monitoring only, not practical compliance or government noncompliance","The generated extract provides row-level pending leading-case monitoring evidence from the official HUDOC-EXEC API and reconciles to its live query result count, but it should only support bounded monitoring-capacity claims."
